,x,y
,"0,203431525865634","0,109744983404848"
,"0,864192733645672","0,34552471396769"
,"0,539963286524506","0,74421384926928"
,"0,497308931283493","0,446322253775726"
,"0,232481034897265","0,4225306080982"
,"0,634917493658595","0,012829133527837"
,"0,434152340653398","0,042002997664973"
,"0,820742282961098","0,340267669484871"
,"0,805505372235649","0,931400262150251"
,"0,044305619701115","0,486366011635106"
,"0,35347162878392","0,817236436135073"
,"0,768937773294537","0,295776471075541"
,"0,966372469289557","0,426654342340729"
,"0,271539268312807","0,648837565983121"
,"0,131541626402492","0,639324848707891"
,"0,419683184986748","0,269709248315589"
,"0,228793239045956","0,197383247264039"
,"0,492350230631612","0,654110106191161"
,"0,45503751688284","0,74591705302041"
,"0,387147706284078","0,656085533461677"
,"0,372940336031667","0,710670910316559"
,"0,435031955770852","0,090622987569325"
,"0,995583916366947","0,233596937569551"
,"0,180022860496243","0,42050877845659"
,"0,571716807112805","0,376961204840526"
,"0,803511094895523","0,386266170294705"
,"0,159647157497977","0,277790494735617"
,"0,534387014599797","0,054727223445418"
,"0,873274143305216","0,053366470655647"
,"0,527674649512022","0,962991885141526"
,"0,818900150721774","0,428710911329716"
,"0,178426250540289","0,288554631971232"
,"0,437855184501539","0,838481363488194"
,"0,108220632112574","0,454590993247204"
,"0,749636136846527","0,675753985952702"
,"0,903856091233668","0,348139856709509"
,"0,652200956109699","0,29385835664832"
,"0,990386362967601","0,226649503663003"
,"0,575987559804664","0,370842071055569"
,"0,394119437623585","0,56920354818382"
,"0,661481461026633","0,605103349830974"
,"0,12135161951774","0,939055489089299"
,"0,090738238336148","0,803936183911536"
,"0,878239228295304","0,614322039967169"
,"0,761292407137876","0,89587283916855"
,"0,528599952172829","0,018293980148561"
,"0,932321704253854","0,372136264526067"
,"0,561029852087268","0,778404633762455"
,"0,968313758427757","0,509348780858856"
,"0,781125353184185","0,445621902564651"
,"0,55629348557773","0,586216175624438"
,"0,699468961875344","0,733219101249893"
,"0,033508887507589","0,057701227975751"
,"0,181599327836683","0,95176477084928"
,"0,055352930768419","0,84566263506368"
,"0,10498427568722","0,598385512439332"
,"0,746531477933766","0,375548639271732"
,"0,513927607696624","0,184781900891551"
,"0,41293918655222","0,034263120172425"
,"0,550348683987221","0,261367095061742"
,"0,316263491618618","0,212262083125606"
,"0,549293683431883","0,801308454701292"
,"0,114386569119027","0,093253532598632"
,"0,727522539039558","0,983982395072395"
,"0,534678241074844","0,172093101140408"
,"0,759461279759531","0,275234736665106"
,"0,161653840363149","0,598105374105556"
,"0,855640385461283","0,081948150072549"
,"0,649090690649156","0,9142995035912"
,"0,205089362163261","0,950352912230618"
,"0,053384271417158","0,731909384238409"
,"0,472652209099277","0,351773850891175"
,"0,769651946943824","0,635360613552625"
,"0,809029461584541","0,999659517481112"
,"0,492185208519702","0,871268532126698"
,"0,76935496661017","0,746198544437395"
,"0,589436153480798","0,333800492179472"
,"0,324669573584313","0,637403496131156"
,"0,997795819930687","0,737706222891419"
,"0,538985347926365","0,924256948967558"
,"0,000479240612419","0,116172216442132"
,"0,105757042151402","0,518225530196987"
,"0,784958112105251","0,19410431964967"
,"0,932189466813228","0,871307363366251"
,"0,659691827002412","0,175228581656513"
,"0,193563622816415","0,917694693582812"
,"0,263728739999325","0,513979439121935"
,"0,439551376060487","0,410596741923329"
,"0,226929773282218","0,76983975593551"
,"0,974890760070037","0,704710739794525"
,"0,291328827434587","0,927634822669482"
,"0,363998851030843","0,871202522988203"
,"0,916851805867228","0,613531240208993"
,"0,49594639255126","0,892188601737706"
,"0,221009067756458","0,609756516178739"
,"0,60929023746744","0,908305194042044"
,"0,958826747430792","0,621828469556961"
,"0,929370995112884","0,979846403782669"
,"0,933603520309082","0,952750390912684"
,"0,518093333501689","0,765034972582032"
,"0,237620082793946","0,506001040408373"
,"0,720130851718049","0,593208886663601"
,"0,505481798957671","0,16226624636481"
,"0,810933391184639","0,04273279689543"
,"0,33051265122708","0,712475383510018"
,"0,530406468800289","0,662386297877297"
,"0,354378912050086","0,951084878849289"
,"0,048231181424121","0,948380066366081"
,"0,684873600530753","0,533592290439062"
,"0,369274101963367","0,457209140113595"
,"0,743848328878048","0,410651989913256"
,"0,867609343537647","0,327602382567551"
,"0,986965383460465","0,540899457885384"
,"0,404539913606781","0,532351645399814"
,"0,99686070219187","0,268628206398089"
,"0,690039179055812","0,194565805516012"
,"0,052777627008955","0,642696200982835"
,"0,586432720531495","0,520548015958411"
,"0,753608437755775","0,684047740659179"
,"0,69656377241291","0,44939112831347"
,"0,609500105146972","0,173340667576768"
,"0,219316654989465","0,269489865996083"
,"0,075916460852513","0,022974360136107"
,"0,165878491862425","0,848942799876239"
,"0,948019677359024","0,428054352655407"
,"0,749094262193025","0,404189789235309"
,"0,446808175252431","0,736482841917432"
,"0,007571732374967","0,560122073094679"
,"0,723330759029103","0,518113399717927"
,"0,744555808766889","0,003086406191119"
,"0,938486449080105","0,265608457092331"
,"0,931999184882761","0,7241866516211"
,"0,250114779086181","0,45127564020769"
,"0,444061721515724","0,343237445101325"
,"0,851371068884479","0,613916815967709"
,"0,222393517588515","0,376455566577126"
,"0,671649226205947","0,413019240936749"
,"0,697613531255873","0,769978155535388"
,"0,162906882832963","0,264991315218908"
,"0,598923435124893","0,656819996769914"
,"0,089989158043871","0,702499251757904"
,"0,578326179802857","0,853551091186716"
,"0,621898937959766","0,740328535597586"
,"0,978761803513636","0,651207296302181"
,"0,905262241680836","0,054557648848089"
,"0,160540726898404","0,434550338943651"
,"0,224374165209373","0,225735893952345"
,"0,072016292147867","0,678539052741789"
,"0,92198530752351","0,86406620860603"
,"0,506905625385639","0,876368379590241"
,"0,545970407503605","0,724097611008402"
,"0,326077260215377","0,585423153039052"
,"0,190119838058174","0,007774062260697"
,"0,328939304759887","0,254291861985279"
,"0,353424759345947","0,04713575596486"
,"0,796933129075167","0,557647926929052"
,"0,639366930358468","0,41730120539224"
,"0,344199014338357","0,786386622214932"
,"0,842376928231679","0,226888196912436"
,"0,047387685901509","0,143000596581074"
,"0,093667687713956","0,826289974024715"
,"0,754235326668387","0,442440540908226"
,"0,233323990288265","0,491567475436794"
,"0,507063960508102","0,217707614597034"
,"0,099389749664022","0,971419452931049"
,"0,30765451025004","0,298649948126842"
,"0,227222960982551","0,942141103722245"
,"0,683678850057779","0,642502744845358"
,"0,948949537005356","0,029922875786949"
,"0,557028331201569","0,523519821168746"
,"0,958637472731958","0,111911145362357"
,"0,087898392690743","0,394871029021539"
,"0,495262237912645","0,230983632132983"
,"0,771295694415715","0,961413658335794"
,"0,996703999494561","0,159225238477171"
,"0,756624117157263","0,85379721535306"
,"0,042052984441424","0,689129303730364"
,"0,232645017953805","0,183852526095537"
,"0,583212637898239","0,339730422632228"
,"0,821045113909523","0,13053506501812"
,"0,988555176415644","0,825775177555573"
,"0,360972800956973","0,814725913573463"
,"0,952936840837703","0,136389365666436"
,"0,647448729012855","0,910818079739074"
,"0,092782841321285","0,078292265914984"
,"0,748158590496595","0,166661116596721"
,"0,955005104802857","0,655132623053803"
,"0,906270661153649","0,338945600534072"
,"0,214866213726819","0,353463604676363"
,"0,586774773152313","0,156362595673105"
,"0,583067928322995","0,962384743535023"
,"0,085519673086167","0,738431056575618"
,"0,682960888680049","0,962693095834294"
,"0,942758942260409","0,280954135231944"
,"0,234935115818356","0,030954661885798"
,"0,406038848693039","0,226611301689879"
,"0,866632303640757","0,663542804291974"
,"0,880518968554287","0,856482584475992"
,"0,350085905650792","0,839164877327872"
,"0,692369578471424","0,584553388079027"
,"0,558336535441561","0,224962717716467"
,"0,440756440423311","0,63998249213107"
,"0,162426362719635","0,803152894161517"
,"0,570526964027418","0,337780856047868"
,"0,686478228325633","0,069639406108404"
,"0,736782765848879","0,138783804463059"
,"0,813964826746675","0,587712579574021"
,"0,194440914991978","0,155049190401059"
,"0,454141813253883","0,282297152893474"
,"0,935539973200655","0,784065818183509"
,"0,862768790059414","0,286414054971592"
,"0,600582518413487","0,773504661280686"
,"0,015305246199093","0,278880034627217"
,"0,18653928297464","0,218106198782869"
,"0,782614739705558","0,421884528172068"
,"0,602514046709947","0,841175673985793"
,"0,04648066559293","0,644501198428421"
,"0,826655229896905","0,007025800612445"
,"0,213637841614378","0,369467264885544"
,"0,79436257062732","0,862530881652018"
,"0,252846309056719","0,133073005931983"
,"0,299948740422509","0,504625488351011"
,"0,890630825641836","0,614842060318979"
,"0,148942961350465","0,508085199781073"
,"0,766905183755712","0,939854693621159"
,"0,012761552594307","0,992568963389746"
,"0,166219473909832","0,789189443875723"
,"0,59478923091533","0,22936558205877"
,"0,457244560306612","0,360138889883686"
,"0,20458745837853","0,028907915125093"
,"0,395301665843167","0,3320996301062"
,"0,467357749251454","0,668809603490334"
,"0,827127961861353","0,744821654587108"
,"0,733843588967277","0,569965957571953"
,"0,471228005027331","0,594208123948276"
,"0,005893590042098","0,000650866346764"
,"0,971479070847277","0,496900826878859"
,"0,232487990318638","0,667208547609968"
,"0,344417336277727","0,990045110796821"
,"0,770540913462176","0,056853905916569"
,"0,489613853585256","0,673796190067563"
,"0,451532985676633","0,153090272352569"
,"0,038260021882728","0,193491005784498"
,"0,856946376077961","0,570412526283682"
,"0,921417649586784","0,706346982355019"
,"0,962491769133581","0,567972333634928"
,"0,080792417117587","0,322798336846653"
,"0,072553102491184","0,560536255749539"
,"0,354706310421923","0,705622771970149"
,"0,420491060023197","0,378227756430515"
,"0,196487394262127","0,123675740947507"
,"0,504354284101578","0,955803766995053"
,"0,028928933925512","0,637313712552818"
,"0,989936790725277","0,189579475908703"
,"0,15093538209653","0,583859694098007"
,"0,260511686859744","0,417457541414437"
,"0,921678074168865","0,290923060570142"
,"0,91596150359992","0,055814776557306"
,"0,183982128003983","0,474425898652798"
,"0,138433305399352","0,416907048763219"
,"0,109942417247171","0,392582434097181"
,"0,836932947159616","0,783217731470552"
,"0,318815503114018","0,30152498772833"
,"0,253213777231475","0,756553110643412"
,"0,280123866962512","0,850520362864238"
,"0,107681768145421","0,664779954229006"
,"0,06131446807012","0,225398738521568"
,"0,738250237382122","0,606304727667911"
,"0,146288631399562","0,546859802776064"
,"0,080419413783221","0,082483095360726"
,"0,508040896238874","0,058918063142442"
,"0,964921353834916","0,670884137082253"
,"0,816563154398281","0,612938635108658"
,"0,948652037352","0,793070593362921"
,"0,555872272070731","0,626696575972846"
,"0,630539377614365","0,007936495115947"
,"0,41469898525256","0,630751509247284"
,"0,167643236230493","0,595306043049843"
,"0,4803981961463","0,973511699697165"
,"0,679054478345687","0,139990376966723"
,"0,480982750478024","0,858695963099802"
,"0,196810766409104","0,446903572833285"
,"0,579347282978855","0,672965476994451"
,"0,318281859869065","0,34067893157836"
,"0,164542516219386","0,7625729353737"
,"0,100443348349185","0,763375381375885"
,"0,602029205690181","0,384002018091977"
,"0,076454376985382","0,32792605297073"
,"0,794213419215681","0,888536823493348"
,"0,739836490991536","0,089557670800634"
,"0,451575457221352","0,958738323319832"
,"0,458584322509513","0,297656261449667"
,"0,051282079112707","0,068780759132226"
,"0,72898114395693","0,50485114220339"
,"0,096262834429581","0,271003126166269"
,"0,798485932582824","0,852047053060456"
,"0,911661007389326","0,919867686500093"
,"0,098932584460966","0,122970030602452"
,"0,964403190956768","0,423772245938197"
,"0,113057563592109","0,310167072662421"
,"0,732775821784847","0,201375069550514"
,"0,79134075978635","0,295957417280596"
,"0,129456646076017","0,96853188590863"
,"0,874305195949335","0,318440240174006"
,"0,662003121806073","0,998024268171929"
,"0,700519034197902","0,918460397682028"
,"0,579942289179289","0,152673437132531"
,"0,821171904615767","0,690919696339545"
,"0,798844796147746","0,963580163484717"
,"0,038025432625198","0,716362433714226"
,"0,396414103570086","0,203779960721545"
,"0,975793594138339","0,692054671591383"
,"0,452947423976527","0,32500272521271"
,"0,52941111546246","0,509359423624944"
,"0,075422354915313","0,607534396864195"
,"0,341068081841965","0,852085598174329"
,"0,003562112723526","0,632502703037222"
,"0,024230510001808","0,323230751249475"
,"0,161591056193674","0,363580086511452"
,"0,256279028582889","0,20756760708334"
,"0,11025251412978","0,378228264066787"
,"0,180603578483492","0,590027286977859"
,"0,428761539026902","0,306211311714896"
,"0,012011361677029","0,44888098637546"
,"0,929057272623817","0,060430000513667"
,"0,642126290721426","0,575882386859208"
,"0,330314678520614","0,930182105639586"
,"0,3465008559661","0,779136079192659"
,"0,034827131656862","0,000858984133274"
,"0,807189160230552","0,231354345890487"
,"0,284489696549077","0,686533457770139"
,"0,125152703939721","0,198695609424822"
,"0,278247721870325","0,923505516171897"
,"0,37116684616583","0,724952925702153"
,"0,934311666846602","0,249017572266323"
,"0,426158675981792","0,392187215124714"
,"0,263976873903416","0,895545419910794"
,"0,807602622281612","0,665667536085475"
,"0,299068417827555","0,312786994527549"
,"0,074599800150837","0,254839793956108"
,"0,845141812156453","0,710626699643369"
,"0,777253824767946","0,980954949142229"
,"0,261581216804781","0,584043276628969"
,"0,745049790441191","0,889244366990835"
,"0,519296294679597","0,621237175519314"
,"0,764954551900453","0,16112106129054"
,"0,341673095314422","0,136497295743305"
,"0,971243619347174","0,416327333243672"
,"0,036783820022132","0,88713651049387"
,"0,260782724308009","0,371325447291941"
,"0,887184311660979","0,575610229220252"
,"0,717306123605448","0,445040786966887"
,"0,116224119940319","0,541220145137281"
,"0,640014368837762","0,940092713435547"
,"0,220000602347086","0,971179374251709"
,"0,065784596859157","0,288090710382108"
,"0,039711537650283","0,634129680302073"
,"0,656343290667824","0,789259897993342"
,"0,594250622211138","0,43763798647828"
,"0,836372712376186","0,991298044972122"
,"0,821701544212339","0,502538843195169"
,"0,609838878704542","0,161477590523594"
,"0,366366027910311","0,453637385631585"
,"0,261324577561375","0,189419014324976"
,"0,927089153623856","0,372402109143156"
,"0,378137597983852","0,309089030762968"
,"0,514035754906571","0,623309014638738"
,"0,369696603798158","0,998660401681375"
,"0,647389309590867","0,047148644710589"
,"0,769002725901507","0,513636740862773"
,"0,931384682525768","0,875615271393805"
,"0,697368503015537","0,039866642337939"
,"0,591193822451711","0,599808901189583"
,"0,945115966915862","0,157921595601095"
,"0,013640876673678","0,154379785946399"
,"0,447600247143898","0,329735451437517"
,"0,946022596665932","0,241172791410405"
,"0,834358427635308","0,331237702276806"
,"0,758134050077443","0,244679058047924"
,"0,010105406375534","0,393041633377005"
,"0,615631580038394","0,128808859060159"
,"0,566701959668495","0,839048744286063"
,"0,966299963789928","0,904676535448347"
,"0,011394265797298","0,540320496306744"
,"0,459946314460504","0,58404890345161"
,"0,038779560913615","0,140617772749441"
,"0,209070010120734","0,134543644925374"
,"0,883140155984309","0,43721148836274"
,"0,598901326642529","0,380770083760444"
,"0,162407477010286","0,804485273867711"
,"0,596036090761286","0,013771293336403"
,"0,563035506075375","0,288355808458509"
,"0,015811300413091","0,857182101623455"
,"0,952884038982504","0,011389783676725"
,"0,373619734482348","0,047920305317021"
,"0,223758108771689","0,171962891252213"
,"0,872844301180777","0,178567117347248"
,"0,538379700226739","0,444247572351054"
,"0,051361050838535","0,946156900807874"
,"0,113843772047348","0,455018344123631"
,"0,424964178257632","0,620308430362158"
,"0,369782090726586","0,800763422250769"
,"0,641922060592141","0,296479162526457"
,"0,528956437002028","0,814489068964923"
,"0,830870626104542","0,913140869345801"
,"0,324532385097903","0,15156246476583"
,"0,368760965368945","0,486424699118059"
,"0,697307043204911","0,949845564557117"
,"0,469275441768727","0,727335140028061"
,"0,418561582833161","0,243372587541399"
,"0,081632472191419","0,049217263568145"
,"0,846440004443463","0,168452759263912"
,"0,453048669556414","0,240756955265037"
,"0,383544430163245","0,643342890563571"
,"0,976925871547234","0,110035146876871"
,"0,972404494207043","0,557827240297861"
,"0,006413242968757","0,340644670527179"
,"0,076213542443168","0,021085897336641"
,"0,835237454243507","0,947606908937284"
,"0,754110381008502","0,241967187031786"
,"0,749135691913364","0,796127735004337"
,"0,576742438211926","0,54192005220481"
,"0,492813820059376","0,87453633318494"
,"0,17123226484177","0,984718323721279"
,"0,283823106424092","0,767682264854769"
,"0,544429869539462","0,104100367278286"
,"0,539154784350566","0,883486827779957"
,"0,967036617634251","0,788720639696902"
,"0,813748046955051","0,819172210395898"
,"0,381384859021809","0,932901822545429"
,"0,356593712075327","0,09762762684732"
,"0,883835507975024","0,240541390059248"
,"0,818461900666953","0,923810001875934"
,"0,841086044198356","0,383002013718089"
,"0,79777560926075","0,327309082161014"
,"0,097584353860978","0,248906892882186"
,"0,630015920221737","0,929180302720475"
,"0,424672803040714","0,380280021951257"
,"0,418912213181809","0,193407814020061"
,"0,763177875046039","0,918874401342205"
,"0,682635958840378","0,135154970266961"
,"0,595095750927317","0,069837776984845"
,"0,869972648422897","0,626125057748216"
,"0,931665838309295","0,802912797343352"
,"0,296221655932068","0,03146696945915"
,"0,332686035201535","0,928510383810071"
,"0,424081132609259","0,95214512870675"
,"0,94774903724065","0,524653591207105"
,"0,380161247922382","0,410913803693887"
,"0,300672786868673","0,254050911798917"
,"0,036337924607013","0,493290797341337"
,"0,12671273180008","0,5428941935559"
,"0,775267522967778","0,453235290449449"
,"0,719886459317655","0,691212831465274"
,"0,448772375336095","0,206418253882023"
,"0,828612458468843","0,995685949398498"
,"0,231519406875172","0,881820997133141"
,"0,292286875515061","0,832781298953253"
,"0,441834913037648","0,913721939039022"
,"0,544485536430606","0,592826827343103"
,"0,392791719565234","0,778361861215864"
,"0,701539001066246","0,719025232484846"
,"0,571278970765968","0,526087682646582"
,"0,230695015549832","0,92350190595887"
,"0,603785286024348","0,424334535307707"
,"0,401864354129536","0,188590777023332"
,"0,391848328001727","0,458549204522922"
,"0,097448151476552","0,478990953198118"
,"0,318240070045062","0,727617466979868"
,"0,487452727449694","0,47060128348934"
,"0,428147484117718","0,601769067012249"
,"0,506513727279671","0,145616582025927"
,"0,92107618655369","0,273971532220562"
,"0,529957791630372","0,153300385430521"
,"0,049880244237601","0,693256627441919"
,"0,807778449241086","0,855986144674188"
,"0,915361518480824","0,417018960900072"
,"0,244506420484771","0,847566219307628"
,"0,362902446682583","0,734998917512152"
,"0,558857659299035","0,890767750548783"
,"0,875587668959069","0,886168979443045"
,"0,447432052910371","0,6106115517276"
,"0,490795848366993","0,207820293732567"
,"0,672613719004919","0,011370029560673"
,"0,686651974626464","0,547290700345658"
,"0,208524917752411","0,012836014401662"
,"0,977420549890539","0,05653242959581"
,"0,763211635967749","0,137521499315528"
,"0,204485499160931","0,769510714180823"
,"0,541845865668591","0,001464401876565"
,"0,886180307687115","0,143329226317698"
,"0,99441305750964","0,716550775032748"
,"0,9875403669872","0,500687546967138"
,"0,336354083272196","0,119170661244426"
,"0,501825484694292","0,197614370628162"
,"0,76180335537273","0,782524418728535"
,"0,966491411459287","0,810387606477812"
,"0,129697680894671","0,277405597056094"
,"0,798707346052549","0,796130197895498"
,"0,433669864095528","0,04442517422288"
,"0,089308287790223","0,801725985730459"
,"0,66970454508106","0,157509032114962"
,"0,254695883507991","0,394483908382834"
,"0,073987159317819","0,734151501491278"
,"0,572955136673905","0,542776928182556"
,"0,923421722493372","0,915784471556593"
,"0,437455058658893","0,270846380827908"
,"0,790197667038882","0,45233673622392"
,"0,536536943770601","0,073614205512252"
,"0,075280536387012","0,424929912041547"
,"0,264470343285219","0,647426330054494"
,"0,785355082444981","0,028267723333925"
,"0,741808251423439","0,008239011089451"
,"0,165190199816396","0,615988520655868"
,"0,927353832372251","0,021076754832077"
,"0,439112890757383","0,143854295048747"
,"0,040725975251279","0,007381202573863"
,"0,632728287115006","0,104746974783017"
,"0,364719809040304","0,674173924610805"
,"0,456768242599091","0,822347430954598"
,"0,979812300485859","0,243550462053771"
,"0,447312109606525","0,050132551716093"
,"0,411607451967563","0,30340481792316"
,"0,536892456144329","0,886236921798709"
,"0,949141369711235","0,698247833736386"
,"0,898448335611654","0,32346812631349"
,"0,540855116100556","0,902662649478708"
,"0,478223637077303","0,980770980188519"
,"0,689637499622232","0,916669945804843"
,"0,10070350542534","0,524356687582146"
,"0,676524138668525","0,748128203576107"
,"0,922064888485774","0,662986567390594"
,"0,730756585413427","0,235363375009933"
,"0,752357054574775","0,653521770919745"
,"0,13977668901123","0,602199173099434"
,"0,226301297901289","0,698011130944656"
,"0,190205077227156","0,033361889684688"
,"0,243377051866559","0,197170722094067"
,"0,384317514630848","0,222620498080791"
,"0,278065331290909","0,699457856506147"
,"0,525711835154512","0,374356909559346"
,"0,04028553927692","0,447457190504836"
,"0,334134925324267","0,225266089297724"
,"0,025163081078383","0,150178534861572"
,"0,752317604463549","0,109621364670704"
,"0,705801708332836","0,952091418801824"
,"0,401381223011055","0,08954697543135"
,"0,743577150200073","0,537763559809567"
,"0,798541979845703","0,263295401614853"
,"0,53148159848237","0,241331283509499"
,"0,216449183651006","0,743690240888083"
,"0,453558018637816","0,152540144101811"
,"0,147093589166213","0,908766925046495"
,"0,450619359359125","0,746065014726872"
,"0,938339758960056","0,821024461755936"
,"0,545291796923435","0,286408732244558"
,"0,458947526922659","0,343294952016584"
,"0,606859263413718","0,690368363004061"
,"0,464779083684609","0,0769338126921"
,"0,801243453519622","0,97371321907764"
,"0,949322531650359","0,678322384827411"
,"0,887126799115974","0,697223762625706"
,"0,416636892352198","0,190885120310556"
,"0,819473861720658","0,538565189435023"
,"0,664190580977281","0,286077826318321"
,"0,039985590646214","0,423049501208277"
,"0,009012984022391","0,998702636604159"
,"0,013299432453017","0,195988991112459"
,"0,377907788437518","0,563928979581287"
,"0,439471233857789","0,646019132997867"
,"0,843054245525585","0,758760542456277"
,"0,326913665936945","0,545360030117531"
,"0,449236067503059","0,724632765887229"
,"0,198838147008476","0,75724223058294"
,"0,683676521221816","0,553018351085747"
,"0,794484817076705","0,436156346381237"
,"0,738246887122046","0,772589887865238"
,"0,053354186388778","0,080029870726261"
,"0,554520556251334","0,99354728186116"
,"0,693276438239318","0,600187401910093"
,"0,265003955988129","0,875852695242367"
,"0,226734048136299","0,789673113508142"
,"0,998754443677445","0,679502556961504"
,"0,365095443838822","0,445251515490665"
,"0,977885542058729","0,150500110800496"
,"0,168284783749916","0,883042288004591"
,"0,515600292982272","0,801005481165855"
,"0,231111599033577","0,014282643863756"
,"0,153373303780689","0,295803065961208"
,"0,738279880851465","0,394206433537786"
,"0,309793739120205","0,566485797673995"
,"0,425454613792637","0,62145122536991"
,"0,797811814903279","0,145486040501137"
,"0,149183818882323","0,619732342494835"
,"0,889146303644458","0,725146577216202"
,"0,954370049505687","0,891547201090646"
,"0,609364167683727","0,462833356525434"
,"0,900453251523126","0,27465087389162"
,"0,443554736504243","0,865491121592907"
,"0,133730908001801","0,963838686530603"
,"0,61341670828281","0,264031013232089"
,"0,109140247834924","0,943826400224133"
,"0,744617116506411","0,629147949304775"
,"0,081106773959515","0,861110475065084"
,"0,296035472931047","0,801744106035931"
,"0,462224064280716","0,00925733492452"
,"0,409900319891839","0,963151466281925"
,"0,312171961312966","0,335121228050968"
,"0,367988989557138","0,460500213142684"
,"0,84593909432975","0,366661503019954"
,"0,723043545853283","0,021120993699424"
,"0,999575631770773","0,424174298872648"
,"0,276942275006169","0,943721127923154"
,"0,695776409036194","0,256706507009773"
,"0,625490572875457","0,802843054685711"
,"0,265236061799438","0,223396078749566"
,"0,475360377648999","0,030793459463152"
,"0,780623079486063","0,507852800805731"
,"0,001225659336401","0,628003482526521"
,"0,42975495865886","0,455431021992777"
,"0,895225453228131","0,57239172366177"
,"0,830083870934624","0,898161629125256"
,"0,280481941176251","0,859646626450276"
,"0,965678815897469","0,678068572303914"
,"0,990137432409293","0,876949555282845"
,"0,825985835587329","0,755897242412977"
,"0,327800450850006","0,141350518221645"
,"0,260814843410491","0,067486842343462"
,"0,402975638671999","0,452329464144393"
,"0,694983118784268","0,776852535716851"
,"0,439686893071275","0,665518805604657"
,"0,291110371856335","0,939175071768625"
,"0,20878831802241","0,496697785074787"
,"0,449174383668247","0,568697813307045"
,"0,029499374619061","0,470590918737751"
,"0,163442996614503","0,46336385614531"
,"0,528713311871297","0,794816733902497"
,"0,225309529185846","0,651166823007936"
,"0,164069311596903","0,355340125302675"
,"0,893230561845879","0,945418636902194"
,"0,440365190609643","0,399983809130168"
,"0,70503680609231","0,297352153569411"
,"0,013374194669888","0,032596233026524"
,"0,327359361798205","0,176575106499618"
,"0,705346170176943","0,079329888433629"
,"0,344616876830089","0,071787563627074"
,"0,251251089599734","0,702067355140067"
,"0,594478755625003","0,693426834782731"
,"0,991636080464115","0,440818638629925"
,"0,906548512302047","0,376379400758091"
,"0,253613263521911","0,214433119670546"
,"0,546457566185096","0,566906505405986"
,"0,388287512281244","0,713460782444634"
,"0,221397248701988","0,798058292557311"
,"0,730003347074747","0,624033565540446"
,"0,879514690835155","0,562807822436413"
,"0,566028661249771","0,131616272745386"
,"0,498998927200636","0,956454772310311"
,"0,488871157936426","0,770062560045889"
,"0,203524972577965","0,604328645981173"
,"0,754394935430922","0,553259180845935"
,"0,774134988060949","0,782125338163829"
,"0,609068055861926","0,755527467314754"
,"0,981159634552137","0,491584369092346"
,"0,495524454503508","0,820835207102001"
,"0,557599973940526","0,58122183745607"
,"0,042861970483584","0,838983359705197"
,"0,269481847863703","0,582535056121138"
,"0,826267224321981","0,853504076474878"
,"0,959380353635071","0,903983769454221"
,"0,778572823731144","0,704938600528664"
,"0,984432351660852","0,305202880377007"
,"0,230804955668138","0,548936560652119"
,"0,721106072851551","0,762044087979217"
,"0,287922971634114","0,488363225123766"
,"0,173010641051521","0,240480404494371"
,"0,145343293382918","0,380207762571549"
,"0,095392113322554","0,460355379584803"
,"0,938264004818286","0,579814518337045"
,"0,869065028717292","0,41994524647582"
,"0,466704537313726","0,096615062538502"
,"0,735893672991734","0,92486890170485"
,"0,651616403004112","0,820174833682713"
,"0,032924288773578","0,030908046272957"
,"0,785477514363279","0,037161926068145"
,"0,936060821040855","0,38909645352438"
,"0,461116074559969","0,781302727314785"
,"0,54530311357707","0,781420396692905"
,"0,12877199556562","0,639314697885257"
,"0,995041538832706","0,051186605799986"
,"0,765615813045496","0,039571687270546"
,"0,534798037924217","0,45616626173111"
,"0,051509313667409","0,07073950679689"
,"0,224789795579158","0,007152065640203"
,"0,78193290405886","0,054635184652034"
,"0,826933857934331","0,143221199590707"
,"0,379785284047844","0,066751570233747"
,"0,417616799242125","0,931759965542944"
,"0,368080385866563","0,362981237546509"
,"0,797450620746423","0,932878660457347"
,"0,791785459384392","0,697391345648927"
,"0,559509185913209","0,114115892330533"
,"0,103707339082794","0,398476997877056"
,"0,927508835960443","0,835403392115736"
,"0,556483530806348","0,630944547887805"
,"0,162322974484333","0,198805768888763"
,"0,197143640896545","0,135404317052394"
,"0,390385514201711","0,292371957639622"
,"0,404574677688425","0,663189360201871"
,"0,354647046390354","0,041251787752095"
,"0,88176698697204","0,666143876129721"
,"0,661493756202722","0,782695328275135"
,"0,708958266788041","0,616363050976879"
,"0,68636036407757","0,952081671241796"
,"0,930516519741696","0,382317860155245"
,"0,337461068647453","0,31347333502854"
,"0,695304475746556","0,661451067417368"
,"0,804491725714327","0,653271025334414"
,"0,413333763492176","0,698222304345774"
,"0,507451810030656","0,794231942194291"
,"0,260921590813857","0,896577624875556"
,"0,194038188156281","0,305547120180748"
,"0,828146123210975","0,472044257800828"
,"0,424821957727075","0,288072658976804"
,"0,788004938694878","0,658159038787498"
,"0,920357390358793","0,200760931592579"
,"0,86784412781975","0,005123595617835"
,"0,745637300444751","0,708817371278745"
,"0,849070528686714","0,450614951583202"
,"0,245236330372541","0,104425849349183"
,"0,842107485402828","0,111884142221642"
,"0,870224656684657","0,356818342496924"
,"0,53668035607744","0,978632586691207"
,"0,242408026975354","0,941994709074227"
,"0,723778734580669","0,846638931602782"
,"0,577886547374282","0,47533396554478"
,"0,059172933362421","0,194777593397602"
,"0,952821978094524","0,099170603192259"
,"0,292776193544392","0,497418251743819"
,"0,588151577844331","0,922794058196987"
,"0,593595303322539","0,902469956603374"
,"0,511635895612102","0,463255094496558"
,"0,158736867946687","0,807439406711024"
,"0,063318041000444","0,831926150906836"
,"0,902015335699567","0,363139081992476"
,"0,559432474637657","0,702671703762901"
,"0,048878192212935","0,986634854118028"
,"0,165223086136337","0,424009890343877"
,"0,699017980061698","0,718780485153082"
,"0,246261861110348","0,60686145358606"
,"0,128626004865861","0,499439542760762"
,"0,094628385424648","0,784588031793734"
,"0,993872625049968","0,85689917309213"
,"0,21661626082186","0,436263016403533"
,"0,03353306359798","0,232477863134587"
,"0,338071691238297","0,786099599479242"
,"0,250564465952277","0,884760647141335"
,"0,898070097992525","0,075478664777923"
,"0,313167283085041","0,370785108744077"
,"0,738992186151765","0,83205850431063"
,"0,956727539197461","0,758838237138833"
,"0,531200713275159","0,164680661668411"
,"0,072623242308268","0,555450689352337"
,"0,757238053430073","0,753580883713817"
,"0,979217874349088","0,95147523049529"
,"0,263913232768485","0,670990819197791"
,"0,511211304353567","0,438395065840149"
,"0,080118906534666","0,13394709634987"
,"0,779077072660374","0,920551317853148"
,"0,239984522496473","0,094684151034846"
,"0,506302527819639","0,642621177487159"
,"0,900138005684932","0,445344973365928"
,"0,211107962991003","0,549108627737774"
,"0,834544660211082","0,195702262108948"
,"0,296757655373218","0,689256640284157"
,"0,72602929281145","0,426166926544353"
,"0,425018793954421","0,877217724944252"
,"0,617669622923674","0,386220184233665"
,"0,700652592686225","0,725020092255445"
,"0,954417454561912","0,732345526134483"
,"0,035698394411628","0,176141003818697"
,"0,210269225829613","0,702026280926486"
,"0,723420580517074","0,289256836577148"
,"0,303751599584069","0,744616910730561"
,"0,692395910103829","0,985233661885127"
,"0,454186093781015","0,381838593837342"
,"0,598955815280022","0,838926765797786"
,"0,227899207268828","0,328755614658818"
,"0,455972293162264","0,5348483272271"
,"0,122511720343363","0,278875041747634"
,"0,455425387570294","0,796133663796812"
,"0,840549029942764","0,658456611999241"
,"0,708135042608657","0,35421289009472"
,"0,643811488483285","0,660322421612872"
,"0,7553721312317","0,668959662873234"
,"0,157126635004984","0,719605750510052"
,"0,043343833711437","0,918522864404992"
,"0,381471646942407","0,604001954972141"
,"0,437058687751504","0,640188962264575"
,"0,832537430065775","0,596660192394574"
,"0,326959953463508","0,13928853471252"
,"0,532954853451796","0,970499829637216"
,"0,255774314895521","0,909506962351046"
,"0,76102861790856","0,615046601910701"
,"0,497183405294033","0,436552481635486"
,"0,890055678755537","0,728600745421057"
,"0,316131297857767","0,129619813778552"
,"0,166185856540406","0,643502648082645"
,"0,844124030479506","0,608769319324575"
,"0,937595783418256","0,235529554644902"
,"0,828869866975938","0,235432139643553"
,"0,738299199002621","0,911475229293161"
,"0,328671427351585","0,846719407124134"
,"0,387072977268349","0,506032242835153"
,"0,363987453301878","0,360908006061591"
,"0,983028333110637","0,246692204647278"
,"0,103652943282211","0,148029590946989"
,"0,835536404916341","0,079244985421162"
,"0,261792193846509","0,544547204931832"
,"0,078348302924869","0,711945498991059"
,"0,168324136114556","0,49190835139978"
,"0,680664826046172","0,769860286928273"
,"0,511354353614205","0,142876102536089"
,"0,916921345633827","0,192072939648518"
,"0,625859168455061","0,382129547170462"
,"0,024802078529784","0,293315301196627"
,"0,919583061479389","0,268962417702751"
,"0,881399923980794","0,239943385983565"
,"0,766881937545069","0,904445947447381"
,"0,175165916174441","0,897064929653594"
,"0,881736045023517","0,976225872620374"
,"0,939032964985243","0,349912589890069"
,"0,203836627030666","0,065286075507457"
,"0,671623820126706","0,185290069189528"
,"0,386156616570337","0,182416885267129"
,"0,748432065503527","0,326732591928403"
,"0,334201829564676","0,061059969728803"
,"0,446828219964333","0,849257418572433"
,"0,324962961782591","0,968377531111623"
,"0,692615814549692","0,921159981370071"
,"0,890510754170007","0,962360119559201"
,"0,411154143899669","0,560226815482223"
,"0,465386198930923","0,867605521406369"
,"0,51583672954546","0,179203056952779"
,"0,170576076294993","0,930933383441681"
,"0,205300047689367","0,266256523462036"
,"0,872842144511952","0,877409875958772"
,"0,259307616539106","0,797399021611938"
,"0,23023768217943","0,282927565263919"
,"0,207494922413181","0,731751853533876"
,"0,340760277244726","0,19068074289006"
,"0,031839431555561","0,009619528442994"
,"0,659555895155602","0,498508134563761"
,"0,40979273262843","0,08176950452376"
,"0,871747176623526","0,772936354088413"
,"0,149426066179087","0,905671428234651"
,"0,428905878215786","0,010629926581464"
,"0,630301783220457","0,042374723294911"
,"0,233543260782234","0,388685074713227"
,"0,924204515709075","0,023623928359554"
,"0,693854483186196","0,428506642353938"
,"0,897992572367904","0,001771003599138"
,"0,187258657160338","0,571549133879167"
,"0,948457137649617","0,330919166389715"
,"0,4419637495593","0,427590136240987"
,"0,486917838348385","0,839299806049191"
,"0,740625558865187","0,831096886877922"
,"0,038410424463604","0,116414217518772"
,"0,924665842134503","0,116599293477728"
,"0,208138748785101","0,734373457349732"
,"0,787847052873093","0,232236276721949"
,"0,325980030407782","0,082474818460486"
,"0,7925057099869","0,827112701771822"
,"0,092805585961985","0,707490942816235"
,"0,923837020756431","0,224815299095474"
,"0,293884659937208","0,759913018856423"
,"0,995786633312109","0,477500880527712"
,"0,950067197397908","0,633991306878707"
,"0,405150300051156","0,70102764668898"
,"0,186676811113032","0,237782296433003"
,"0,888322253273916","0,986567423766588"
,"0,798804512164145","0,23912741195225"
,"0,125773687624798","0,198853796386371"
,"0,269251926354067","0,741686949241018"
,"0,425662458005492","0,711328041812226"
,"0,383289878237324","0,446305876483505"
,"0,45485030030236","0,587993827731575"
,"0,451688810122891","0,744298877662957"
,"0,867972449465919","0,346727755171579"
,"0,174923922226135","0,883221408745884"
,"0,699454833062182","0,917284578281897"
,"0,789205304759366","0,174644188089008"
,"0,417739844798844","0,228923538495798"
,"0,191035707938416","0,378474674665141"
,"0,849460103420869","0,106459013548938"
,"0,777475639102735","0,404345921058525"
,"0,686920470180171","0,354968886005517"
,"0,207860132959084","0,786435981641898"
,"0,70168808602631","0,223794810698525"
,"0,225707700157642","0,124924989395352"
,"0,398424177290165","0,261143430927982"
,"0,501907232359413","0,896216107983014"
,"0,493145236286218","0,329888086384942"
,"0,338615743466467","0,650352423672561"
,"0,388832117315191","0,442391818070573"
,"0,774834722294509","0,656474543179318"
,"0,302994942726053","0,039671795770353"
,"0,094492061953189","0,006994274835674"
,"0,617709370426096","0,565805132231673"
,"0,021448031605078","0,789315339259516"
,"0,522330106968427","0,83157350131529"
,"0,822344583020196","0,676651676376938"
,"0,227352040342104","0,139580801142476"
,"0,399705932966931","0,120601121090059"
,"0,506618760647906","0,654284314782267"
,"0,953990725819229","0,345464856633416"
,"0,227158136301127","0,699921371664766"
,"0,85912730797251","0,390916084667222"
,"0,871661825591111","0,549645714942144"
,"0,9665217574538","0,116052961489342"
,"0,16752918136407","0,3033425649102"
,"0,9764912008652","0,118790232713005"
,"0,164106219672468","0,005908670775773"
,"0,813056219354486","0,421664955537392"
,"0,190844178471326","0,999655901609177"
,"0,839198613946019","0,872948517983835"
,"0,675501502223519","0,529440681344886"
,"0,855528229358767","0,234413134110595"
,"0,066312632385256","0,959328044235008"
,"0,290765529646544","0,33526462434603"
,"0,462068410243217","0,547203045041887"
,"0,246393007469526","0,778587439752931"
,"0,693215967642499","0,6922479082777"
,"0,353833382309033","0,686725644422672"
,"0,092311375814187","0,693696944377768"
,"0,519075346044101","0,479636440880409"
,"0,750314255142116","0,148306792288031"
,"0,125380525263568","0,592181686405787"
,"0,721163038937587","0,052583275557615"
,"0,553369191515551","0,012812398519673"
,"0,093003207078711","0,469851725322037"
,"0,930680143425871","0,587690198911515"
,"0,65670177158539","0,853431222439207"
,"0,320207725652715","0,329941760818775"
,"0,174069129888872","0,204439510013936"
,"0,032934319755279","0,944611557617709"
,"0,379057074324123","0,024372636723823"
,"0,414225253498068","0,868996274965822"
,"0,20696540672084","0,894281390808543"
,"0,7784127281923","0,519471674725908"
,"0,295942928872487","0,168776183945082"
,"0,554652605498744","0,375613285046287"
,"0,90902299572952","0,317329667202569"
,"0,899358186492987","0,378290861652009"
,"0,810875545597437","0,664533866900875"
,"0,093312038176719","0,344626150010777"
,"0,002791708481998","0,171627178572176"
,"0,737641164620627","0,689105854653536"
,"0,367024799407871","0,634247908343164"
,"0,349704342584503","0,087094811024446"
,"0,605519634829367","0,619225492848802"
,"0,439346603817604","0,074757777656431"
,"0,869669220541086","0,309669465891261"
,"0,478080014484543","0,112175005020445"
,"0,165826161603724","0,452302058039876"
,"0,305966323788122","0,792362608291985"
,"0,571852582878511","0,943226829309963"
,"0,821162607242884","0,398576747084182"
,"0,237029114789778","0,593274388529888"
,"0,440198872731214","0,260558260057378"
,"0,350071669867019","0,714047757020981"
,"0,774933659552986","0,488455221165521"
,"0,870023182422502","0,283033605147156"
,"0,886742635044732","0,204599426023829"
,"0,216031412748253","0,652534926340798"
,"0,525779390304581","0,840331028685213"
,"0,729465940419868","0,317681726530607"
,"0,657377624131928","0,9112353235173"
,"0,366970498847895","0,735341677894512"
,"0,833833535761592","0,134675071215532"
,"0,798755705817274","0,845282532107208"
,"0,543455076495955","0,174730588114193"
,"0,790902700480107","0,374738154358109"
,"0,287554091356153","0,896845477538"
,"0,611297302504857","0,984731252198261"
,"0,961426191653251","0,225504531935632"
,"0,834851916892413","0,628733246180377"
,"0,158265531366417","0,246496977238582"
,"0,326294408386663","0,05777527129616"
,"0,328392048287402","0,018176226439123"
,"0,010554642256023","0,008751189469123"
,"0,46006011078751","0,620606933495572"
,"0,805488359228979","0,453874387217138"
,"0,439519439572997","0,766202871004418"
,"0,459362639426874","0,832214612651622"
,"0,705548489367857","0,054205737436842"
,"0,787902885463877","0,614753188293952"
,"0,04564747078129","0,706029243447676"
,"0,295137985978087","0,600504960089334"
